package,name,composable,skippable,restartable,readonly,inline,isLambda,hasDefaults,defaultsGroup,groups,calls,
dev.sargunv.maplibrekmp.compose.PlatformMapView,PlatformMapView,1,1,1,0,0,0,0,0,1,8,
dev.sargunv.maplibrekmp.compose.rememberCameraState,rememberCameraState,1,0,0,0,0,0,0,0,1,0,
dev.sargunv.maplibrekmp.compose.MaplibreMap,MaplibreMap,1,1,1,0,0,0,1,0,2,4,
dev.sargunv.maplibrekmp.compose.layer.Anchor.Companion.Top,Top,1,1,1,0,0,0,0,0,1,2,
dev.sargunv.maplibrekmp.compose.layer.Anchor.Companion.Bottom,Bottom,1,1,1,0,0,0,0,0,1,2,
dev.sargunv.maplibrekmp.compose.layer.Anchor.Companion.Above,Above,1,1,1,0,0,0,0,0,1,2,
dev.sargunv.maplibrekmp.compose.layer.Anchor.Companion.Below,Below,1,1,1,0,0,0,0,0,1,2,
dev.sargunv.maplibrekmp.compose.layer.Anchor.Companion.Replace,Replace,1,1,1,0,0,0,0,0,1,2,
dev.sargunv.maplibrekmp.compose.layer.CircleLayer,CircleLayer,1,0,0,0,1,0,0,0,1,1,
dev.sargunv.maplibrekmp.compose.layer.LayerNode,LayerNode,1,1,1,0,0,0,0,0,1,2,
dev.sargunv.maplibrekmp.compose.layer.LineLayer,LineLayer,1,0,0,0,1,0,0,0,1,1,
dev.sargunv.maplibrekmp.compose.source.rememberGeoJsonSource,rememberGeoJsonSource,1,0,0,0,1,0,0,0,1,1,
dev.sargunv.maplibrekmp.compose.source.rememberSource,rememberSource,1,0,0,0,0,0,0,0,1,2,
